Design,Small,Medium,Large,SL,Revenue,VolUtil,OversizeRate,ErgoCost,Cost,Profit,Objective
Baseline,44,51,30,0.9878239074576278,3075259.0,0.6991688193304431,0.003678287804395822,221262.62142857135,160000.0,2915259.0,2577334.1529423306
Recommended,37,52,36,0.9901187499618543,3089927.5,0.6952715848703142,0.008516889948220597,222632.7595238095,168125.0,2921802.5,2645640.363093631
